{"Name":"","BodyType":0,"SketchDataList":[{"Position":{"x":17.80521583557129,"y":4.285885334014893,"z":0.40352511405944826},"Rotation":{"x":-0.16476799547672273,"y":0.171146959066391,"z":0.029043667018413545,"w":0.9709360003471375},"Scale":{"x":1.0,"y":1.0,"z":1.0},"Texture":{"instanceID":-631718}}]}